Feature,Type
LIMIT_BAL,int64
AGE,int64
BILL_AMT1,int64
BILL_AMT2,int64
BILL_AMT3,int64
BILL_AMT4,int64
BILL_AMT5,int64
BILL_AMT6,int64
PAY_AMT1,int64
PAY_AMT2,int64
PAY_AMT3,int64
PAY_AMT4,int64
PAY_AMT5,int64
PAY_AMT6,int64
dti_ratio,float64
credit_utilization,float64
loan_to_income,float64
payment_history_score,float64
employment_stability,int64
credit_history_length,int64
SEX_2,bool
EDUCATION_1,bool
EDUCATION_2,bool
EDUCATION_3,bool
EDUCATION_4,bool
EDUCATION_5,bool
EDUCATION_6,bool
MARRIAGE_1,bool
MARRIAGE_2,bool
MARRIAGE_3,bool
age_group_25-34,bool
age_group_35-44,bool
age_group_45-54,bool
age_group_55-64,bool
age_group_65+,bool
