Feature,SHAP_importance
payment_history_score,1.0304794
loan_to_income,0.531294
LIMIT_BAL,0.30824408
PAY_AMT1,0.2803458
AGE,0.23147328
BILL_AMT1,0.19306089
PAY_AMT2,0.1665546
credit_utilization,0.16177277
PAY_AMT6,0.14408854
PAY_AMT3,0.1418413
PAY_AMT5,0.12409474
PAY_AMT4,0.11325341
BILL_AMT5,0.09647399
BILL_AMT4,0.09409146
dti_ratio,0.09245629
BILL_AMT2,0.08744832
BILL_AMT6,0.08440165
BILL_AMT3,0.08293882
SEX_2,0.06923103
MARRIAGE_1,0.0653326
EDUCATION_2,0.0369857
EDUCATION_1,0.034926068
age_group_35-44,0.0215995
EDUCATION_3,0.018873606
MARRIAGE_2,0.015489328
EDUCATION_5,0.014537324
age_group_25-34,0.014028843
employment_stability,0.012686488
age_group_45-54,0.008329047
EDUCATION_4,0.004798137
age_group_55-64,0.0029380312
MARRIAGE_3,0.0017344864
EDUCATION_6,0.0002830948
age_group_65+,6.984742e-05
credit_history_length,0.0
